{
	"info": {
		"_postman_id": "75fe708b-94d5-42ac-8ac4-6c4f26f50c0f",
		"name": "Categories",
		"schema": "https://schema.getpostman.com/json/collection/v2.1.0/collection.json"
	},
	"item": [
		{
			"name": "Categories - GET",
			"request": {
				"method": "GET",
				"header": [
					{
						"key": "auth-token",
						"value": "eyJhbGciOiJIUzI1NiIsInR5cCI6IkpXVCJ9.eyJpZCI6IjVlMjRhNGEwYTk3MzM4OTk3YzQ1NzkzZSIsImlhdCI6MTU3OTQ2MjgyMCwiZXhwIjoxNTc5NzIyMDIwfQ.jLtVgA0dSmmF1DGy7nLkLGI7JU0QrDqwy5W3TWD40ew",
						"type": "text"
					}
				],
				"url": {
					"raw": "localhost:3000/api/categories/",
					"host": [
						"localhost"
					],
					"port": "3000",
					"path": [
						"api",
						"categories",
						""
					]
				}
			},
			"response": []
		},
		{
			"name": "Categories - Add",
			"request": {
				"method": "POST",
				"header": [
					{
						"key": "auth-token",
						"value": "eyJhbGciOiJIUzI1NiIsInR5cCI6IkpXVCJ9.eyJpZCI6IjVlMjRhNGEwYTk3MzM4OTk3YzQ1NzkzZSIsImlhdCI6MTU3OTg4MzcyNCwiZXhwIjoxNTgwMTQyOTI0fQ.Oty23olLShQmg2UvUV5GxXZfLtxo_Ufl1brzkacIikM",
						"type": "text"
					},
					{
						"key": "Content-Type",
						"name": "Content-Type",
						"value": "application/json",
						"type": "text"
					}
				],
				"body": {
					"mode": "raw",
					"raw": "{\n\t\"category\": {\n\t\t\"name\":\"catman\",\n\t\t\"active\": \"true\"\n\t}\n}",
					"options": {
						"raw": {
							"language": "json"
						}
					}
				},
				"url": {
					"raw": "localhost:3000/api/categories/",
					"host": [
						"localhost"
					],
					"port": "3000",
					"path": [
						"api",
						"categories",
						""
					]
				}
			},
			"response": []
		},
		{
			"name": "Categoris - update",
			"request": {
				"method": "PUT",
				"header": [
					{
						"key": "auth-token",
						"value": "eyJhbGciOiJIUzI1NiIsInR5cCI6IkpXVCJ9.eyJpZCI6IjVlMjRhNGEwYTk3MzM4OTk3YzQ1NzkzZSIsImlhdCI6MTU3OTQ2MjgyMCwiZXhwIjoxNTc5NzIyMDIwfQ.jLtVgA0dSmmF1DGy7nLkLGI7JU0QrDqwy5W3TWD40ew",
						"type": "text"
					},
					{
						"key": "Content-Type",
						"name": "Content-Type",
						"value": "application/json",
						"type": "text"
					}
				],
				"body": {
					"mode": "raw",
					"raw": "{\n\t\"category\": {\n\t\t\"name\":\"catty\",\n\t\t\"active\": \"true\"\n\t}\n}",
					"options": {
						"raw": {
							"language": "json"
						}
					}
				},
				"url": {
					"raw": "localhost:3000/api/categories/5e24c74bcfbadc9f1c5c5cf0",
					"host": [
						"localhost"
					],
					"port": "3000",
					"path": [
						"api",
						"categories",
						"5e24c74bcfbadc9f1c5c5cf0"
					]
				}
			},
			"response": []
		},
		{
			"name": "Categories - DELETE",
			"request": {
				"method": "DELETE",
				"header": [
					{
						"key": "auth-token",
						"value": "eyJhbGciOiJIUzI1NiIsInR5cCI6IkpXVCJ9.eyJpZCI6IjVlMjRhNGEwYTk3MzM4OTk3YzQ1NzkzZSIsImlhdCI6MTU3OTQ2MjgyMCwiZXhwIjoxNTc5NzIyMDIwfQ.jLtVgA0dSmmF1DGy7nLkLGI7JU0QrDqwy5W3TWD40ew",
						"type": "text"
					}
				],
				"url": {
					"raw": "localhost:3000/api/categories/5e24c74bcfbadc9f1c5c5cf0",
					"host": [
						"localhost"
					],
					"port": "3000",
					"path": [
						"api",
						"categories",
						"5e24c74bcfbadc9f1c5c5cf0"
					]
				}
			},
			"response": []
		}
	],
	"protocolProfileBehavior": {}
}