{
	"info": {
		"_postman_id": "2f8135a4-4e14-4042-9ca6-b64a505379ec",
		"name": "Comments",
		"schema": "https://schema.getpostman.com/json/collection/v2.1.0/collection.json"
	},
	"item": [
		{
			"name": "Comment - GET",
			"request": {
				"method": "GET",
				"header": [
					{
						"key": "auth-token",
						"value": "eyJhbGciOiJIUzI1NiIsInR5cCI6IkpXVCJ9.eyJpZCI6IjVlMjRhNGEwYTk3MzM4OTk3YzQ1NzkzZSIsImlhdCI6MTU3OTQ2MjgyMCwiZXhwIjoxNTc5NzIyMDIwfQ.jLtVgA0dSmmF1DGy7nLkLGI7JU0QrDqwy5W3TWD40ew",
						"type": "text"
					}
				],
				"url": {
					"raw": "localhost:3000/api/comments/5e24d1b345fba9a0e255b386",
					"host": [
						"localhost"
					],
					"port": "3000",
					"path": [
						"api",
						"comments",
						"5e24d1b345fba9a0e255b386"
					]
				}
			},
			"response": []
		},
		{
			"name": "COmment - ADD",
			"request": {
				"method": "POST",
				"header": [
					{
						"key": "auth-token",
						"value": "eyJhbGciOiJIUzI1NiIsInR5cCI6IkpXVCJ9.eyJpZCI6IjVlMjRhNGEwYTk3MzM4OTk3YzQ1NzkzZSIsImlhdCI6MTU3OTg4MzcyNCwiZXhwIjoxNTgwMTQyOTI0fQ.Oty23olLShQmg2UvUV5GxXZfLtxo_Ufl1brzkacIikM",
						"type": "text"
					},
					{
						"key": "Content-Type",
						"name": "Content-Type",
						"value": "application/json",
						"type": "text"
					}
				],
				"body": {
					"mode": "raw",
					"raw": "{\n\t\"comment\" : {\n\t\t\"userId\":\"5e24a4a0a97338997c45793e\",\n\t\t\"description\":\"First COmment\",\n\t\t\"rating\" : \"4\"\n\t\t\n\t}\n}",
					"options": {
						"raw": {
							"language": "json"
						}
					}
				},
				"url": {
					"raw": "localhost:3000/api/comments/?",
					"host": [
						"localhost"
					],
					"port": "3000",
					"path": [
						"api",
						"comments",
						""
					],
					"query": [
						{
							"key": "auth-token",
							"value": "eyJhbGciOiJIUzI1NiIsInR5cCI6IkpXVCJ9.eyJpZCI6IjVlMjRhNGEwYTk3MzM4OTk3YzQ1NzkzZSIsImlhdCI6MTU3OTQ2MjgyMCwiZXhwIjoxNTc5NzIyMDIwfQ.jLtVgA0dSmmF1DGy7nLkLGI7JU0QrDqwy5W3TWD40ew",
							"disabled": true
						}
					]
				}
			},
			"response": []
		},
		{
			"name": "Comments - Update",
			"request": {
				"method": "PUT",
				"header": [
					{
						"key": "Content-Type",
						"name": "Content-Type",
						"value": "application/json",
						"type": "text"
					},
					{
						"key": "auth-token",
						"value": "eyJhbGciOiJIUzI1NiIsInR5cCI6IkpXVCJ9.eyJpZCI6IjVlMjRhNGEwYTk3MzM4OTk3YzQ1NzkzZSIsImlhdCI6MTU3OTQ2MjgyMCwiZXhwIjoxNTc5NzIyMDIwfQ.jLtVgA0dSmmF1DGy7nLkLGI7JU0QrDqwy5W3TWD40ew",
						"type": "text"
					}
				],
				"body": {
					"mode": "raw",
					"raw": "{\n\t\"comment\" : {\n\t\t\"userId\":\"5e24a4a0a97338997c45793e\",\n\t\t\"description\":\"First COmment\",\n\t\t\"rating\" : \"1\"\n\t\t\n\t}\n}",
					"options": {
						"raw": {
							"language": "json"
						}
					}
				},
				"url": {
					"raw": "localhost:3000/api/comments/5e24d1b345fba9a0e255b386",
					"host": [
						"localhost"
					],
					"port": "3000",
					"path": [
						"api",
						"comments",
						"5e24d1b345fba9a0e255b386"
					]
				}
			},
			"response": []
		},
		{
			"name": "Comments - Delete",
			"request": {
				"method": "DELETE",
				"header": [
					{
						"key": "auth-token",
						"value": "eyJhbGciOiJIUzI1NiIsInR5cCI6IkpXVCJ9.eyJpZCI6IjVlMjRhNGEwYTk3MzM4OTk3YzQ1NzkzZSIsImlhdCI6MTU3OTQ2MjgyMCwiZXhwIjoxNTc5NzIyMDIwfQ.jLtVgA0dSmmF1DGy7nLkLGI7JU0QrDqwy5W3TWD40ew",
						"type": "text"
					}
				],
				"url": {
					"raw": "localhost:3000/api/comments/5e24d1a745fba9a0e255b385",
					"host": [
						"localhost"
					],
					"port": "3000",
					"path": [
						"api",
						"comments",
						"5e24d1a745fba9a0e255b385"
					]
				}
			},
			"response": []
		}
	],
	"protocolProfileBehavior": {}
}