{
	"info": {
		"_postman_id": "b87f9e63-0b77-47b0-a7f3-da30dd63c9a3",
		"name": "Files",
		"schema": "https://schema.getpostman.com/json/collection/v2.1.0/collection.json"
	},
	"item": [
		{
			"name": "FILE- UPLOAD FILE",
			"request": {
				"method": "POST",
				"header": [
					{
						"key": "auth-token",
						"value": "eyJhbGciOiJIUzI1NiIsInR5cCI6IkpXVCJ9.eyJpZCI6IjVlMjRhNGEwYTk3MzM4OTk3YzQ1NzkzZSIsImlhdCI6MTU3OTg4MzcyNCwiZXhwIjoxNTgwMTQyOTI0fQ.Oty23olLShQmg2UvUV5GxXZfLtxo_Ufl1brzkacIikM",
						"type": "text"
					},
					{
						"key": "Content-Type",
						"name": "Content-Type",
						"value": "application/x-www-form-urlencoded",
						"type": "text",
						"disabled": true
					}
				],
				"body": {
					"mode": "formdata",
					"formdata": [
						{
							"key": "file",
							"type": "file",
							"src": "/Users/srinivasvalekar/Desktop/Screenshot 2020-01-21 at 19.48.22.png"
						}
					]
				},
				"url": {
					"raw": "localhost:3000/api/files/",
					"host": [
						"localhost"
					],
					"port": "3000",
					"path": [
						"api",
						"files",
						""
					]
				}
			},
			"response": []
		},
		{
			"name": "FILE - GET ALL",
			"request": {
				"method": "GET",
				"header": [
					{
						"key": "auth-token",
						"value": "eyJhbGciOiJIUzI1NiIsInR5cCI6IkpXVCJ9.eyJpZCI6IjVlMjRhNGEwYTk3MzM4OTk3YzQ1NzkzZSIsImlhdCI6MTU3OTg4MzcyNCwiZXhwIjoxNTgwMTQyOTI0fQ.Oty23olLShQmg2UvUV5GxXZfLtxo_Ufl1brzkacIikM",
						"type": "text"
					}
				],
				"url": {
					"raw": "localhost:3000/api/files/",
					"host": [
						"localhost"
					],
					"port": "3000",
					"path": [
						"api",
						"files",
						""
					]
				}
			},
			"response": []
		},
		{
			"name": "FILE - GET A FILE",
			"request": {
				"method": "GET",
				"header": [
					{
						"key": "auth-token",
						"value": "eyJhbGciOiJIUzI1NiIsInR5cCI6IkpXVCJ9.eyJpZCI6IjVlMjRhNGEwYTk3MzM4OTk3YzQ1NzkzZSIsImlhdCI6MTU3OTg4MzcyNCwiZXhwIjoxNTgwMTQyOTI0fQ.Oty23olLShQmg2UvUV5GxXZfLtxo_Ufl1brzkacIikM",
						"type": "text"
					}
				],
				"url": {
					"raw": "localhost:3000/api/files/b7a23a985d4ad793418c003803d1b876.png",
					"host": [
						"localhost"
					],
					"port": "3000",
					"path": [
						"api",
						"files",
						"b7a23a985d4ad793418c003803d1b876.png"
					]
				}
			},
			"response": []
		},
		{
			"name": "FILE - DELETE A FILE",
			"request": {
				"method": "DELETE",
				"header": [
					{
						"key": "auth-token",
						"value": "eyJhbGciOiJIUzI1NiIsInR5cCI6IkpXVCJ9.eyJpZCI6IjVlMjRhNGEwYTk3MzM4OTk3YzQ1NzkzZSIsImlhdCI6MTU3OTg4MzcyNCwiZXhwIjoxNTgwMTQyOTI0fQ.Oty23olLShQmg2UvUV5GxXZfLtxo_Ufl1brzkacIikM",
						"type": "text"
					}
				],
				"url": {
					"raw": "localhost:3000/api/files/5e2d7530f5fb35c25c1c6aed",
					"host": [
						"localhost"
					],
					"port": "3000",
					"path": [
						"api",
						"files",
						"5e2d7530f5fb35c25c1c6aed"
					]
				}
			},
			"response": []
		}
	],
	"protocolProfileBehavior": {}
}