{
	"info": {
		"_postman_id": "533d6974-c55d-44bf-b2f4-dd9b981b3715",
		"name": "Groups",
		"schema": "https://schema.getpostman.com/json/collection/v2.1.0/collection.json"
	},
	"item": [
		{
			"name": "Groups - all",
			"request": {
				"method": "GET",
				"header": [
					{
						"key": "auth-token",
						"value": "eyJhbGciOiJIUzI1NiIsInR5cCI6IkpXVCJ9.eyJpZCI6IjVlMjM2ZGZmOThhM2JjOGI5YzczZTc5NiIsImlhdCI6MTU3OTM4MDkyNiwiZXhwIjoxNTc5NjQwMTI2fQ.mV4vkSrdMto5qyerde4417knvBWYUKODJ8uMQKE4e98",
						"type": "text"
					}
				],
				"url": {
					"raw": "localhost:3000/api/groups/",
					"host": [
						"localhost"
					],
					"port": "3000",
					"path": [
						"api",
						"groups",
						""
					],
					"query": [
						{
							"key": "auth-token",
							"value": "eyJhbGciOiJIUzI1NiIsInR5cCI6IkpXVCJ9.eyJpZCI6IjVlMjM2ZGZmOThhM2JjOGI5YzczZTc5NiIsImlhdCI6MTU3OTM4MDkyNiwiZXhwIjoxNTc5NjQwMTI2fQ.mV4vkSrdMto5qyerde4417knvBWYUKODJ8uMQKE4e98",
							"disabled": true
						}
					]
				}
			},
			"response": []
		},
		{
			"name": "Groups - GET",
			"request": {
				"method": "GET",
				"header": [
					{
						"key": "auth-token",
						"value": "eyJhbGciOiJIUzI1NiIsInR5cCI6IkpXVCJ9.eyJpZCI6IjVlMjM2ZGZmOThhM2JjOGI5YzczZTc5NiIsImlhdCI6MTU3OTM4MDkyNiwiZXhwIjoxNTc5NjQwMTI2fQ.mV4vkSrdMto5qyerde4417knvBWYUKODJ8uMQKE4e98",
						"type": "text"
					}
				],
				"url": {
					"raw": "localhost:3000/api/groups/5e249f471740e598cf623e7c",
					"host": [
						"localhost"
					],
					"port": "3000",
					"path": [
						"api",
						"groups",
						"5e249f471740e598cf623e7c"
					]
				}
			},
			"response": []
		},
		{
			"name": "Groups - Add new Group",
			"request": {
				"method": "POST",
				"header": [
					{
						"key": "auth-token",
						"value": "eyJhbGciOiJIUzI1NiIsInR5cCI6IkpXVCJ9.eyJpZCI6IjVlMjRhNGEwYTk3MzM4OTk3YzQ1NzkzZSIsImlhdCI6MTU3OTg4MzcyNCwiZXhwIjoxNTgwMTQyOTI0fQ.Oty23olLShQmg2UvUV5GxXZfLtxo_Ufl1brzkacIikM",
						"type": "text"
					},
					{
						"key": "Content-Type",
						"name": "Content-Type",
						"value": "application/json",
						"type": "text"
					}
				],
				"body": {
					"mode": "raw",
					"raw": "{\n\t\"group\" : \n\t{\n\t\t\"name\":\"Admin\",\n\t\t\"value\" : \"0\"\n\t}\n}",
					"options": {
						"raw": {
							"language": "json"
						}
					}
				},
				"url": {
					"raw": "localhost:3000/api/groups/",
					"host": [
						"localhost"
					],
					"port": "3000",
					"path": [
						"api",
						"groups",
						""
					]
				}
			},
			"response": []
		},
		{
			"name": "PUT Groups",
			"request": {
				"method": "PUT",
				"header": [
					{
						"key": "auth-token",
						"value": "eyJhbGciOiJIUzI1NiIsInR5cCI6IkpXVCJ9.eyJpZCI6IjVlMjM2ZGZmOThhM2JjOGI5YzczZTc5NiIsImlhdCI6MTU3OTM4MDkyNiwiZXhwIjoxNTc5NjQwMTI2fQ.mV4vkSrdMto5qyerde4417knvBWYUKODJ8uMQKE4e98",
						"type": "text"
					},
					{
						"key": "Content-Type",
						"name": "Content-Type",
						"value": "application/json",
						"type": "text"
					}
				],
				"body": {
					"mode": "raw",
					"raw": "{\n\t\"group\" : {\n\t\t\"name\" :\"Customer\",\n\t\t\"value\":\"1\"\n\t}\n}",
					"options": {
						"raw": {
							"language": "json"
						}
					}
				},
				"url": {
					"raw": "localhost:3000/api/groups/5e249f471740e598cf623e7c",
					"host": [
						"localhost"
					],
					"port": "3000",
					"path": [
						"api",
						"groups",
						"5e249f471740e598cf623e7c"
					]
				}
			},
			"response": []
		},
		{
			"name": "Groups - Delete",
			"request": {
				"method": "DELETE",
				"header": [
					{
						"key": "auth-token",
						"value": "eyJhbGciOiJIUzI1NiIsInR5cCI6IkpXVCJ9.eyJpZCI6IjVlMjM2ZGZmOThhM2JjOGI5YzczZTc5NiIsImlhdCI6MTU3OTM4MDkyNiwiZXhwIjoxNTc5NjQwMTI2fQ.mV4vkSrdMto5qyerde4417knvBWYUKODJ8uMQKE4e98",
						"type": "text"
					}
				],
				"url": {
					"raw": "localhost:3000/api/groups/5e249f471740e598cf623e7c",
					"host": [
						"localhost"
					],
					"port": "3000",
					"path": [
						"api",
						"groups",
						"5e249f471740e598cf623e7c"
					]
				}
			},
			"response": []
		}
	],
	"protocolProfileBehavior": {}
}