{
	"info": {
		"_postman_id": "fafcfc0f-fa1c-415e-88e7-8cc57cd62a0f",
		"name": "Photos",
		"schema": "https://schema.getpostman.com/json/collection/v2.1.0/collection.json"
	},
	"item": [
		{
			"name": "Photos - GET",
			"request": {
				"method": "GET",
				"header": [
					{
						"key": "auth-token",
						"value": "eyJhbGciOiJIUzI1NiIsInR5cCI6IkpXVCJ9.eyJpZCI6IjVlMjRhNGEwYTk3MzM4OTk3YzQ1NzkzZSIsImlhdCI6MTU3OTQ2MjgyMCwiZXhwIjoxNTc5NzIyMDIwfQ.jLtVgA0dSmmF1DGy7nLkLGI7JU0QrDqwy5W3TWD40ew",
						"type": "text"
					}
				],
				"url": {
					"raw": "localhost:3000/api/photos/5e26064d31f9bba3208eafcc",
					"host": [
						"localhost"
					],
					"port": "3000",
					"path": [
						"api",
						"photos",
						"5e26064d31f9bba3208eafcc"
					]
				}
			},
			"response": []
		},
		{
			"name": "Photos - POST",
			"request": {
				"method": "POST",
				"header": [
					{
						"key": "auth-token",
						"value": "eyJhbGciOiJIUzI1NiIsInR5cCI6IkpXVCJ9.eyJpZCI6IjVlMjRhNGEwYTk3MzM4OTk3YzQ1NzkzZSIsImlhdCI6MTU3OTg4MzcyNCwiZXhwIjoxNTgwMTQyOTI0fQ.Oty23olLShQmg2UvUV5GxXZfLtxo_Ufl1brzkacIikM",
						"type": "text"
					},
					{
						"key": "Content-Type",
						"name": "Content-Type",
						"value": "application/json",
						"type": "text"
					}
				],
				"body": {
					"mode": "raw",
					"raw": "{\n\t\"photo\": {\n\t\t\"title\" : \"Photo name\",\n\t\t\"photoUrl\" : \"url/htos\",\n\t\t\"abuse\" : \"0\"\n\t}\n}",
					"options": {
						"raw": {
							"language": "json"
						}
					}
				},
				"url": {
					"raw": "localhost:3000/api/photos/",
					"host": [
						"localhost"
					],
					"port": "3000",
					"path": [
						"api",
						"photos",
						""
					]
				}
			},
			"response": []
		},
		{
			"name": "Photos - PUT",
			"request": {
				"method": "PUT",
				"header": [
					{
						"key": "Content-Type",
						"name": "Content-Type",
						"value": "application/json",
						"type": "text"
					},
					{
						"key": "auth-token",
						"value": "eyJhbGciOiJIUzI1NiIsInR5cCI6IkpXVCJ9.eyJpZCI6IjVlMjRhNGEwYTk3MzM4OTk3YzQ1NzkzZSIsImlhdCI6MTU3OTQ2MjgyMCwiZXhwIjoxNTc5NzIyMDIwfQ.jLtVgA0dSmmF1DGy7nLkLGI7JU0QrDqwy5W3TWD40ew",
						"type": "text"
					}
				],
				"body": {
					"mode": "raw",
					"raw": "{\n\t\"photo\" : {\n\t\t\"title\" : \"changed title\",\n\t\t\"photoUrl\" : \"changed url\"\n\t}\n}",
					"options": {
						"raw": {
							"language": "json"
						}
					}
				},
				"url": {
					"raw": "localhost:3000/api/photos/5e26064d31f9bba3208eafcc",
					"host": [
						"localhost"
					],
					"port": "3000",
					"path": [
						"api",
						"photos",
						"5e26064d31f9bba3208eafcc"
					]
				}
			},
			"response": []
		},
		{
			"name": "Photos - DELETE",
			"request": {
				"method": "DELETE",
				"header": [
					{
						"key": "auth-token",
						"value": "eyJhbGciOiJIUzI1NiIsInR5cCI6IkpXVCJ9.eyJpZCI6IjVlMjRhNGEwYTk3MzM4OTk3YzQ1NzkzZSIsImlhdCI6MTU3OTQ2MjgyMCwiZXhwIjoxNTc5NzIyMDIwfQ.jLtVgA0dSmmF1DGy7nLkLGI7JU0QrDqwy5W3TWD40ew",
						"type": "text"
					}
				],
				"url": {
					"raw": "localhost:3000/api/photos/5e2606bf31f9bba3208eafcd",
					"host": [
						"localhost"
					],
					"port": "3000",
					"path": [
						"api",
						"photos",
						"5e2606bf31f9bba3208eafcd"
					]
				}
			},
			"response": []
		}
	],
	"protocolProfileBehavior": {}
}