{
	"info": {
		"_postman_id": "b0f9fac4-8831-450f-9e82-1c7f33049f29",
		"name": "Posts",
		"schema": "https://schema.getpostman.com/json/collection/v2.1.0/collection.json"
	},
	"item": [
		{
			"name": "Posts GET",
			"request": {
				"method": "GET",
				"header": [
					{
						"key": "auth-token",
						"type": "text",
						"value": "eyJhbGciOiJIUzI1NiIsInR5cCI6IkpXVCJ9.eyJpZCI6IjVlMjRhNGEwYTk3MzM4OTk3YzQ1NzkzZSIsImlhdCI6MTU3OTQ2MjgyMCwiZXhwIjoxNTc5NzIyMDIwfQ.jLtVgA0dSmmF1DGy7nLkLGI7JU0QrDqwy5W3TWD40ew"
					}
				],
				"url": {
					"raw": "localhost:3000/api/posts/",
					"host": [
						"localhost"
					],
					"port": "3000",
					"path": [
						"api",
						"posts",
						""
					]
				}
			},
			"response": []
		},
		{
			"name": "Posts - POST",
			"request": {
				"method": "POST",
				"header": [
					{
						"key": "auth-token",
						"value": "eyJhbGciOiJIUzI1NiIsInR5cCI6IkpXVCJ9.eyJpZCI6IjVlMjRhNGEwYTk3MzM4OTk3YzQ1NzkzZSIsImlhdCI6MTU3OTg4MzcyNCwiZXhwIjoxNTgwMTQyOTI0fQ.Oty23olLShQmg2UvUV5GxXZfLtxo_Ufl1brzkacIikM",
						"type": "text"
					},
					{
						"key": "Content-Type",
						"name": "Content-Type",
						"value": "application/json",
						"type": "text"
					}
				],
				"body": {
					"mode": "raw",
					"raw": "{\n\t\"post\" : {\n\t\t\"title\" : \"Title\",\n\t\t\"description\" : \"description\",\n\t\t\"photos\" : [\n\t\t\t\t{\"photo\" : \n\t\t\t\t\t{\n\t\t\t\t\t\t\"title\" : \"tit\",\n\t\t\t\t\t\t\"photoUrl\" : \"urlls\"\n\t\t\t\t\t}\n\t\t\t\t}\n\t\t\t]\n\t}\n}",
					"options": {
						"raw": {
							"language": "json"
						}
					}
				},
				"url": {
					"raw": "localhost:3000/api/posts/",
					"host": [
						"localhost"
					],
					"port": "3000",
					"path": [
						"api",
						"posts",
						""
					]
				}
			},
			"response": []
		},
		{
			"name": "POST - Add Post Comment",
			"request": {
				"method": "POST",
				"header": [
					{
						"key": "auth-token",
						"value": "eyJhbGciOiJIUzI1NiIsInR5cCI6IkpXVCJ9.eyJpZCI6IjVlMjRhNGEwYTk3MzM4OTk3YzQ1NzkzZSIsImlhdCI6MTU3OTg4MzcyNCwiZXhwIjoxNTgwMTQyOTI0fQ.Oty23olLShQmg2UvUV5GxXZfLtxo_Ufl1brzkacIikM",
						"type": "text"
					},
					{
						"key": "Content-Type",
						"name": "Content-Type",
						"value": "application/json",
						"type": "text"
					}
				],
				"body": {
					"mode": "raw",
					"raw": "{\n\t\"postComment\" : {\n\t\t\"comment\" : {\n\t\t\t\"description\" : \"This is my comment\",\n\t\t\t\"userId\" : \"12345\",\n\t\t\t\"rating\" : 4\n\t\t}\n\t} \n}",
					"options": {
						"raw": {
							"language": "json"
						}
					}
				},
				"url": {
					"raw": "localhost:3000/api/posts/5e2b22c819b448ab51b61753/comments/",
					"host": [
						"localhost"
					],
					"port": "3000",
					"path": [
						"api",
						"posts",
						"5e2b22c819b448ab51b61753",
						"comments",
						""
					]
				}
			},
			"response": []
		},
		{
			"name": "PUT - Update Post Comment",
			"request": {
				"method": "PUT",
				"header": [
					{
						"key": "auth-token",
						"value": "eyJhbGciOiJIUzI1NiIsInR5cCI6IkpXVCJ9.eyJpZCI6IjVlMjRhNGEwYTk3MzM4OTk3YzQ1NzkzZSIsImlhdCI6MTU3OTg4MzcyNCwiZXhwIjoxNTgwMTQyOTI0fQ.Oty23olLShQmg2UvUV5GxXZfLtxo_Ufl1brzkacIikM",
						"type": "text"
					},
					{
						"key": "Content-Type",
						"name": "Content-Type",
						"value": "application/json",
						"type": "text"
					}
				],
				"body": {
					"mode": "raw",
					"raw": "{\n\t\"postComment\" : {\n\t\t\"comment\" : {\n\t\t\t\"description\" : \"T222comment\",\n\t\t\t\"userId\" : \"12345\",\n\t\t\t\"rating\" : 4\n\t\t}\n\t} \n}",
					"options": {
						"raw": {
							"language": "json"
						}
					}
				},
				"url": {
					"raw": "localhost:3000/api/posts/5e2b22c819b448ab51b61753/comments/5e2b25a383ceceac2ca76498",
					"host": [
						"localhost"
					],
					"port": "3000",
					"path": [
						"api",
						"posts",
						"5e2b22c819b448ab51b61753",
						"comments",
						"5e2b25a383ceceac2ca76498"
					]
				}
			},
			"response": []
		},
		{
			"name": "DELETE - Post Delete Comment",
			"request": {
				"method": "DELETE",
				"header": [
					{
						"key": "auth-token",
						"value": "eyJhbGciOiJIUzI1NiIsInR5cCI6IkpXVCJ9.eyJpZCI6IjVlMjRhNGEwYTk3MzM4OTk3YzQ1NzkzZSIsImlhdCI6MTU3OTg4MzcyNCwiZXhwIjoxNTgwMTQyOTI0fQ.Oty23olLShQmg2UvUV5GxXZfLtxo_Ufl1brzkacIikM",
						"type": "text"
					}
				],
				"body": {
					"mode": "raw",
					"raw": ""
				},
				"url": {
					"raw": "localhost:3000/api/posts/5e2b22c819b448ab51b61753/comments/5e2b4c3b51ce9bb14c83035a",
					"host": [
						"localhost"
					],
					"port": "3000",
					"path": [
						"api",
						"posts",
						"5e2b22c819b448ab51b61753",
						"comments",
						"5e2b4c3b51ce9bb14c83035a"
					]
				}
			},
			"response": []
		},
		{
			"name": "POST - Add Photo Post",
			"request": {
				"method": "POST",
				"header": [
					{
						"key": "auth-token",
						"value": "eyJhbGciOiJIUzI1NiIsInR5cCI6IkpXVCJ9.eyJpZCI6IjVlMjRhNGEwYTk3MzM4OTk3YzQ1NzkzZSIsImlhdCI6MTU3OTg4MzcyNCwiZXhwIjoxNTgwMTQyOTI0fQ.Oty23olLShQmg2UvUV5GxXZfLtxo_Ufl1brzkacIikM",
						"type": "text"
					},
					{
						"key": "Content-Type",
						"name": "Content-Type",
						"value": "application/json",
						"type": "text"
					}
				],
				"body": {
					"mode": "raw",
					"raw": "{\n\t\"postPhoto\" : {\n\t\t\"photo\" : {\n\t\t\t\"title\" : \"Photo title\",\n\t\t\t\"photoUrl\" : \"URL PHTOT\"\n\t\t\t\n\t\t}\n\t} \n}",
					"options": {
						"raw": {
							"language": "json"
						}
					}
				},
				"url": {
					"raw": "localhost:3000/api/posts/5e2b22c819b448ab51b61753/photos/",
					"host": [
						"localhost"
					],
					"port": "3000",
					"path": [
						"api",
						"posts",
						"5e2b22c819b448ab51b61753",
						"photos",
						""
					]
				}
			},
			"response": []
		},
		{
			"name": "DELETE - post Photos",
			"request": {
				"method": "DELETE",
				"header": [
					{
						"key": "auth-token",
						"value": "eyJhbGciOiJIUzI1NiIsInR5cCI6IkpXVCJ9.eyJpZCI6IjVlMjRhNGEwYTk3MzM4OTk3YzQ1NzkzZSIsImlhdCI6MTU3OTg4MzcyNCwiZXhwIjoxNTgwMTQyOTI0fQ.Oty23olLShQmg2UvUV5GxXZfLtxo_Ufl1brzkacIikM",
						"type": "text"
					}
				],
				"url": {
					"raw": "localhost:3000/api/posts/5e2b22c819b448ab51b61753/photos/5e2b22c819b448ab51b61754",
					"host": [
						"localhost"
					],
					"port": "3000",
					"path": [
						"api",
						"posts",
						"5e2b22c819b448ab51b61753",
						"photos",
						"5e2b22c819b448ab51b61754"
					]
				}
			},
			"response": []
		},
		{
			"name": "PUT - Update Post",
			"request": {
				"method": "PUT",
				"header": [
					{
						"key": "auth-token",
						"value": "eyJhbGciOiJIUzI1NiIsInR5cCI6IkpXVCJ9.eyJpZCI6IjVlMjRhNGEwYTk3MzM4OTk3YzQ1NzkzZSIsImlhdCI6MTU3OTg4MzcyNCwiZXhwIjoxNTgwMTQyOTI0fQ.Oty23olLShQmg2UvUV5GxXZfLtxo_Ufl1brzkacIikM",
						"type": "text"
					},
					{
						"key": "Content-Type",
						"name": "Content-Type",
						"value": "application/json",
						"type": "text"
					}
				],
				"body": {
					"mode": "raw",
					"raw": "{\n\t\"post\" : {\n\t\t\"title\" : \"Titles\",\n\t\t\"description\" : \"desc\",\n\t\t\"active\": \"true\",\n\t\t\"abuse\" : \"0\",\n\t\t\"categoryId\": \"5e24c794cfbadc9f1c5c5cf1\"\n\t\t\n\t}\n}",
					"options": {
						"raw": {
							"language": "json"
						}
					}
				},
				"url": {
					"raw": "localhost:3000/api/posts/5e2b22c819b448ab51b61753",
					"host": [
						"localhost"
					],
					"port": "3000",
					"path": [
						"api",
						"posts",
						"5e2b22c819b448ab51b61753"
					]
				}
			},
			"response": []
		},
		{
			"name": "DELETE - Delete Post",
			"request": {
				"method": "DELETE",
				"header": [
					{
						"key": "auth-token",
						"value": "eyJhbGciOiJIUzI1NiIsInR5cCI6IkpXVCJ9.eyJpZCI6IjVlMjRhNGEwYTk3MzM4OTk3YzQ1NzkzZSIsImlhdCI6MTU3OTg4MzcyNCwiZXhwIjoxNTgwMTQyOTI0fQ.Oty23olLShQmg2UvUV5GxXZfLtxo_Ufl1brzkacIikM",
						"type": "text"
					}
				],
				"url": {
					"raw": "localhost:3000/api/posts/5e2b5c5bcaaceeb22a7074e2",
					"host": [
						"localhost"
					],
					"port": "3000",
					"path": [
						"api",
						"posts",
						"5e2b5c5bcaaceeb22a7074e2"
					]
				}
			},
			"response": []
		}
	],
	"protocolProfileBehavior": {}
}