{
	"info": {
		"_postman_id": "414f7d84-650c-4c8d-8019-daa2e3aba95b",
		"name": "Users",
		"schema": "https://schema.getpostman.com/json/collection/v2.1.0/collection.json"
	},
	"item": [
		{
			"name": "Users Add",
			"request": {
				"method": "POST",
				"header": [
					{
						"key": "Accept",
						"value": "application/json",
						"type": "text"
					},
					{
						"key": "Content-Type",
						"value": "application/json",
						"type": "text"
					},
					{
						"key": "auth-token",
						"value": "eyJhbGciOiJIUzI1NiIsInR5cCI6IkpXVCJ9.eyJpZCI6IjVlMjM2ZGZmOThhM2JjOGI5YzczZTc5NiIsImlhdCI6MTU3OTM4MDkyNiwiZXhwIjoxNTc5NjQwMTI2fQ.mV4vkSrdMto5qyerde4417knvBWYUKODJ8uMQKE4e98",
						"type": "text"
					}
				],
				"body": {
					"mode": "raw",
					"raw": "{\n\t\"user\" : {\n\t\t\"email\" : \"test2@test.com\",\n\t\t\"password\" : \"password2\",\n\t\t\"groups\":[\n\t\t\t\t{\n\t\t\t\"_id\" : \"5e249fdf72907198fa1401e1\",\n\t\t\t\t\"groupsData\" : {\n\t\t\t\t\t\"name\":\"Admin\",\n\t\t\t\t\t\"value\":\"0\"\n\t\t\t\t\t}\n\t\t\t\t}\n\t\t\t]\n\t}\n}"
				},
				"url": {
					"raw": "localhost:3000/api/users/",
					"host": [
						"localhost"
					],
					"port": "3000",
					"path": [
						"api",
						"users",
						""
					]
				}
			},
			"response": []
		},
		{
			"name": "users - login",
			"request": {
				"method": "POST",
				"header": [
					{
						"key": "Content-Type",
						"name": "Content-Type",
						"value": "application/json",
						"type": "text"
					},
					{
						"key": "Accept",
						"value": "application/json",
						"type": "text"
					}
				],
				"body": {
					"mode": "raw",
					"raw": "{\n\"email\" : \"test2@test.com\",\n\"password\" : \"password\"\n}\n",
					"options": {
						"raw": {
							"language": "json"
						}
					}
				},
				"url": {
					"raw": "localhost:3000/api/auth/login",
					"host": [
						"localhost"
					],
					"port": "3000",
					"path": [
						"api",
						"auth",
						"login"
					]
				}
			},
			"response": []
		},
		{
			"name": "users - all",
			"request": {
				"method": "GET",
				"header": [
					{
						"key": "auth-token",
						"value": "eyJhbGciOiJIUzI1NiIsInR5cCI6IkpXVCJ9.eyJpZCI6IjVlMjM2ZGZmOThhM2JjOGI5YzczZTc5NiIsImlhdCI6MTU3OTM4MDkyNiwiZXhwIjoxNTc5NjQwMTI2fQ.mV4vkSrdMto5qyerde4417knvBWYUKODJ8uMQKE4e98",
						"type": "text"
					}
				],
				"url": {
					"raw": "localhost:3000/api/users/",
					"host": [
						"localhost"
					],
					"port": "3000",
					"path": [
						"api",
						"users",
						""
					]
				}
			},
			"response": []
		},
		{
			"name": "Users - Update",
			"request": {
				"method": "PUT",
				"header": [
					{
						"key": "Content-Type",
						"name": "Content-Type",
						"value": "application/json",
						"type": "text"
					},
					{
						"key": "auth-token",
						"value": "eyJhbGciOiJIUzI1NiIsInR5cCI6IkpXVCJ9.eyJpZCI6IjVlMjM2ZGZmOThhM2JjOGI5YzczZTc5NiIsImlhdCI6MTU3OTM4MDkyNiwiZXhwIjoxNTc5NjQwMTI2fQ.mV4vkSrdMto5qyerde4417knvBWYUKODJ8uMQKE4e98",
						"type": "text"
					}
				],
				"body": {
					"mode": "raw",
					"raw": "{\n\t\"user\" : {\n\t\n\"email\" : \"test2@test.com\",\n\"password\" : \"password\",\n\"firstName\" :\"Srini\",\n\"lastName\" : \"vas\",\n\"phoneNumber\" : \"12345\",\n\"active\":\"true\",\n\"groups\" : [\n\t\t\t{\n\t\t\t\"_id\" : \"5e249fdf72907198fa1401e1\",\n\t\t\t\t\"groupsData\" : {\n\t\t\t\t\t\"name\":\"Admin\",\n\t\t\t\t\t\"value\":\"0\"\n\t\t\t\t\t}\n\t\t\t\t}\t\n\t\n\t]\n}\n}",
					"options": {
						"raw": {
							"language": "json"
						}
					}
				},
				"url": {
					"raw": "localhost:3000/api/users/5e24a4a0a97338997c45793e",
					"host": [
						"localhost"
					],
					"port": "3000",
					"path": [
						"api",
						"users",
						"5e24a4a0a97338997c45793e"
					]
				}
			},
			"response": []
		},
		{
			"name": "Users - Get by Email",
			"request": {
				"method": "GET",
				"header": [
					{
						"key": "auth-token",
						"value": "eyJhbGciOiJIUzI1NiIsInR5cCI6IkpXVCJ9.eyJpZCI6IjVlMjM2ZGZmOThhM2JjOGI5YzczZTc5NiIsImlhdCI6MTU3OTM4MDkyNiwiZXhwIjoxNTc5NjQwMTI2fQ.mV4vkSrdMto5qyerde4417knvBWYUKODJ8uMQKE4e98",
						"type": "text"
					}
				],
				"url": {
					"raw": "localhost:3000/api/users/email?email=test@test.com",
					"host": [
						"localhost"
					],
					"port": "3000",
					"path": [
						"api",
						"users",
						"email"
					],
					"query": [
						{
							"key": "email",
							"value": "test@test.com"
						}
					]
				}
			},
			"response": []
		},
		{
			"name": "Users - Get By Id",
			"request": {
				"method": "GET",
				"header": [
					{
						"key": "auth-token",
						"value": "eyJhbGciOiJIUzI1NiIsInR5cCI6IkpXVCJ9.eyJpZCI6IjVlMjM2ZGZmOThhM2JjOGI5YzczZTc5NiIsImlhdCI6MTU3OTM4MDkyNiwiZXhwIjoxNTc5NjQwMTI2fQ.mV4vkSrdMto5qyerde4417knvBWYUKODJ8uMQKE4e98",
						"type": "text"
					}
				],
				"url": {
					"raw": "localhost:3000/api/users/5e236dff98a3bc8b9c73e797",
					"host": [
						"localhost"
					],
					"port": "3000",
					"path": [
						"api",
						"users",
						"5e236dff98a3bc8b9c73e797"
					]
				}
			},
			"response": []
		}
	],
	"protocolProfileBehavior": {}
}